Name,DraftYear
LeBron James,2003
Kareem Abdul-Jabbar,1969
Kobe Bryant,1996
Tim Duncan,1997
Shaquille O'Neal,1992
Karl Malone,1985
Dirk Nowitzki,1998
Jerry West,1960
Hakeem Olajuwon,1984
Michael Jordan,1984
John Havlicek,1962
Chris Paul,2005
Oscar Robertson,1960
Bill Russell,1956
Charles Barkley,1984
John Stockton,1984
Kevin Durant,2007
Wilt Chamberlain,1959
Larry Bird,1978
Magic Johnson,1979
Elgin Baylor,1958
Bob Pettit,1954
David Robinson,1987
Kevin Garnett,1995
Stephen Curry,2009
Gary Payton,1990
Russell Westbrook,2008
Bob Cousy,1950
Dwyane Wade,2003
Moses Malone,1974
Dwight Howard,2004
Julius Erving,1972
Patrick Ewing,1985
Allen Iverson,1996
Hal Greer,1958
James Harden,2009
George Gervin,1974
Dominique Wilkins,1982
Giannis Antetokounmpo,2013
Damian Lillard,2012
Steve Nash,1996
Tracy McGrady,1997
Scottie Pippen,1987
Elvin Hayes,1968
Dolph Schayes,1948
Carmelo Anthony,2003
Jason Kidd,1994
Paul George,2010
Rick Barry,1965
Walt Frazier,1967
Isiah Thomas,1981
Clyde Drexler,1983
Bill Sharman,1950
Yao Ming,2002
LaMarcus Aldridge,2006
Joel Embiid,2014
Grant Hill,1994
Jerry Lucas,1962
Willis Reed,1964
Nate Archibald,1970
Jimmy Butler,2011
Blake Griffin,2009
Nikola Jokic,2014
Kawhi Leonard,2011
Mitch Richmond,1988
Amar'e Stoudemire,2002
Tim Hardaway,1989
Sidney Moncrief,1979
Chris Webber,1993
Ben Wallace,1996
Kevin Johnson,1987
Paul Pierce,1998
Anthony Davis,2012
Slater Martin,1949
Pau Gasol,2001
Tom Heinsohn,1956
Tony Parker,2001
Luka Doncic,2018
Gus Johnson,1963
Pete Maravich,1970
Chris Mullin,1985
Paul Westphal,1972
Billy Cunningham,1965
Spencer Haywood,1971
Bernard King,1977
Mark Price,1986
Rudy Gobert,2013
Paul Arizin,1950
Dave Cowens,1970
Alex English,1976
Kyrie Irving,2011
Dikembe Mutombo,1991
Dave Bing,1966
DeMar DeRozan,2009
Joe Dumars,1985
Richie Guerin,1954
Shawn Kemp,1989
Jermaine O'Neal,1996
Chauncey Billups,1997
Marques Johnson,1977
Sam Jones,1957
Reggie Miller,1987
Jayson Tatum,2017
Penny Hardaway,1993
Gilbert Arenas,2001
Maurice Stokes,1955
DeAndre Jordan,2008
Ray Allen,1996
Robert Parish,1976
Vince Carter,1998
Alonzo Mourning,1992
Jo Jo White,1969
James Worthy,1982
Adrian Dantley,1976
Walter Davis,1977
Neil Johnston,1951
Jack Twyman,1955
George Yardley,1950
Cliff Hagan,1953
Dennis Johnson,1976
Kevin Love,2008
Bob McAdoo,1972
Gene Shue,1954
Klay Thompson,2011
Vin Baker,1993
Tom Chambers,1981
DeMarcus Cousins,2010
Draymond Green,2012
Shawn Marion,1999
David Thompson,1975
Karl-Anthony Towns,2015
Marc Gasol,2007
Bob Love,1965
George McGinnis,1973
Julius Randle,2014
Glen Rice,1989
Brandon Roy,2006
Deron Williams,2005
Terry Cummings,1982
Manu Ginobili,1999
Stephon Marbury,1996
Dennis Rodman,1986
Pascal Siakam,2016
Bill Walton,1974
Gus Williams,1975
Derrick Coleman,1990
Chris Bosh,2003
Dave DeBusschere,1962
Joe Johnson,2001
Kevin McHale,1980
Larry Costello,1954
Bailey Howell,1959
Lou Hudson,1966
Kyle Lowry,2006
Brad Daugherty,1986
Tom Gola,1955
Gail Goodrich,1965
Al Horford,2007
Donovan Mitchell,2017
Wes Unseld,1968
John Wall,2010
Otis Birdsong,1977
Devin Booker,2015
Bob Dandridge,1969
Dick Garmaker,1955
Connie Hawkins,1964
Clyde Lovellette,1952
Maurice Lucas,1974
Earl Monroe,1967
Alvin Robertson,1984
Rajon Rondo,2006
Ralph Sampson,1983
Latrell Sprewell,1992
Kemba Walker,2011
Bradley Beal,2012
Jaylen Brown,2016
Phil Chenier,1971
Eddie Jones,1994
Derrick Rose,2008
Dan Roundfield,1975
Domantas Sabonis,2016
Detlef Schrempf,1985
Ben Simmons,2016
Peja Stojakovic,1996
Norm Van Lier,1969
Buck Williams,1981
Trae Young,2018
Carlos Boozer,2002
Elton Brand,1999
Archie Clark,1966
Baron Davis,1999
Andre Drummond,2012
Jack George,1953
Shai Gilgeous-Alexander,2018
Larry Johnson,1991
David Lee,2005
Fat Lever,1982
Ja Morant,2019
Joakim Noah,2007
Victor Oladipo,2013
Jim Paxson,1979
Zach Randolph,2001
Truck Robinson,1974
Phil Smith,1974
Randy Smith,1971
Isaiah Thomas,2011
Andrew Bynum,2004
Sam Cassell,1993
Tyson Chandler,2001
Goran Dragic,2008
Dale Ellis,1983
De'Aaron Fox,2017
Juwan Howard,1994
Jamal Mashburn,1993
Anthony Mason,1988
Antonio McDyess,1995
Michael Redd,2000
Kevin Willis,1984
Ron Artest,1999
Phil Ford,1978
Al Jefferson,2004
Lloyd Free,1975
Andrew Bogut,2005
Rod Strickland,1988
Drazen Petrovic,1986
Lenny Wilkens,1960
Larry Foust,1950
Bob Lanier,1970
Harry Gallatin,1948
Ed Macauley,1949
Dick McGuire,1949
Jack Sikma,1977
Nate Thurmond,1963
Chet Walker,1962
Artis Gilmore,1971
Vern Mikkelsen,1949
Carl Braun,1947
Wayne Embry,1958
Rudy LaRusso,1959
Don Ohl,1958
Andy Phillip,1947
Rudy Tomjanovich,1970
Bobby Wanzer,1948
Walt Bellamy,1961
Rolando Blackman,1981
Maurice Cheeks,1978
Doug Collins,1973
Bob Davies,1947
Johnny Green,1959
Mel Hutchins,1951
Bobby Jones,1974
Bill Laimbeer,1979
George Mikan,1947
Paul Millsap,2006
Willie Naulls,1956
Jim Pollard,1947
Micheal Ray Richardson,1978
Arnie Risen,1948
Guy Rodgers,1958
Rasheed Wallace,1995
Sidney Wicks,1971
Bam Adebayo,2017
Mark Aguirre,1981
Bill Bridges,1961
Terry Dischinger,1962
Steve Francis,1999
Richard Hamilton,1999
Bob Kauffman,1968
Johnny Kerr,1954
Dan Majerle,1988
Khris Middleton,2012
Jeff Mullins,1964
Larry Nance,1981
Charlie Scott,1970
Paul Seymour,1947
Dick Van Arsdale,1965
Tom Van Arsdale,1965
Antoine Walker,1996
Jamaal Wilkes,1974
Leo Barnhorst,1949
Zelmo Beaty,1962
Terrell Brandon,1991
Frank Brian,1947
Caron Butler,2002
Joe Caldwell,1964
Luol Deng,2004
John Drew,1974
Kevin Duckworth,1986
Walter Dukes,1954
Dwight Eddleman,1949
Anthony Edwards,2020
Sean Elliott,1989
Michael Finley,1995
Joe Fulks,1946
Tyrese Haliburton,2020
Roy Hibbert,2008
Jrue Holiday,2009
Allan Houston,1993
Rod Hundley,1957
Zydrunas Ilgauskas,1996
Antawn Jamison,1998
Eddie Johnson,1981
John Johnson,1970
Larry Kenon,1973
Don Kojis,1961
Zach LaVine,2014
Rashard Lewis,1998
Jeff Malone,1983
Danny Manning,1988
Jack Marin,1966
Brad Miller,1998
Norm Nixon,1977
Geoff Petrie,1970
Terry Porter,1985
Glenn Robinson,1994
Red Rocha,1947
Jeff Ruland,1980
Fred Scolari,1946
Ken Sears,1955
Frank Selvy,1954
Paul Silas,1964
Jerry Sloan,1965
Jerry Stackhouse,1995
Reggie Theus,1978
Andrew Toney,1980
Kelly Tripucka,1981
Kiki Vandeweghe,1980
Nikola Vucevic,2011
Jimmy Walker,1967
Scott Wedman,1974
David West,2003
Zion Williamson,2019
Brian Winters,1974
Shareef Abdur-Rahim,1996
Alvan Adams,1975
Michael Adams,1985
Danny Ainge,1981
Jarrett Allen,2017
Kenny Anderson,1991
B. J. Armstrong,1989
LaMelo Ball,2020
Paolo Banchero,2022
Don Barksdale,1947
Scottie Barnes,2021
Dick Barnett,1959
Dana Barros,1989
Butch Beard,1969
Ralph Beard,1949
Mookie Blaylock,1989
John Block,1966
Bob Boozer,1959
Vince Boryla,1947
Bill Bradley,1965
Fred Brown,1971
Jalen Brunson,2018
Don Buse,1972
Austin Carr,1971
Joe Barry Carroll,1980
Bill Cartwright,1979
Cedric Ceballos,1990
Len Chappell,1962
Nathaniel Clifton,1950
Jack Coleman,1949
Mike Conley,2007
Antonio Davis,1990
Dale Davis,1991
Vlade Divac,1989
James Donaldson,1979
Mark Eaton,1982
Ray Felix,1953
Sleepy Floyd,1982
World B. Free,1975
Billy Gabor,1948
Darius Garland,2019
Chris Gatling,1991
Danny Granger,2005
Horace Grant,1987
A.C. Green,1985
Rickey Green,1977
Alex Groza,1949
Tom Gugliotta,1992
Devin Harris,2004
Bob Harrison,1949
Hersey Hawkins,1988
Gordon Hayward,2010
Walt Hazzard,1964
Tyrone Hill,1990
Lionel Hollins,1975
Jeff Hornacek,1986
Josh Howard,2003
Andre Iguodala,2004
Darrall Imhoff,1960
Brandon Ingram,2016
Dan Issel,1970
Jaren Jackson Jr.,2018
Lucious Jackson,1964
Mark Jackson,1987
Steve Johnson,1981
Chris Kaman,2003
Jim King,1963
Andrei Kirilenko,1999
Billy Knight,1974
Kyle Korver,2003
Sam Lacey,1970
Christian Laettner,1992
Clyde Lee,1966
Reggie Lewis,1987
Brook Lopez,2008
Jamaal Magloire,2000
Lauri Markkanen,2017
Kenyon Martin,2000
Tyrese Maxey,2020
Xavier McDaniel,1985
Jon McGlocklin,1965
Tom Meschery,1961
Eddie Miles,1963
Mike Mitchell,1978
Steve Mix,1969
Jack Molinas,1953
Calvin Murphy,1970
Dejounte Murray,2016
Calvin Natt,1979
Jameer Nelson,2004
Chuck Noble,1954
Charles Oakley,1985
Mehmet Okur,2001
Ricky Pierce,1982
Kristaps Porzingis,2015
Jim Price,1972
Theo Ratliff,1995
Richie Regan,1953
Doc Rivers,1983
Clifford Robinson,1989
Flynn Robinson,1965
Curtis Rowe,1971
Bob Rule,1967
Campy Russell,1974
Cazzie Russell,1966
D'Angelo Russell,2015
Woody Sauldsberry,1957
Fred Schaus,1949
Lee Shaffer,1960
Lonnie Shelton,1976
Adrian Smith,1961
Steve Smith,1991
Rik Smits,1988
John Starks,1988
Don Sunderlage,1953
Wally Szczerbiak,1999
Jeff Teague,2009
Otis Thorpe,1984
Nick Van Exel,1993
Fred VanVleet,2016
Gerald Wallace,2001
Paul Walther,1949
Kermit Washington,1973
Andrew Wiggins,2014
Jayson Williams,1990
Mo Williams,2003
Max Zaslofsky,1946
Marcus Smart,2014
Marcus Camby,1996
Michael Cooper,1978
Jaren Jackson,1989
Don Meineke,1952
Emeka Okafor,2004
Mike Miller,2000
Damon Stoudamire,1995
Malcolm Brogdon,2016
Michael Carter-Williams,2013
Tyreke Evans,2009
Chuck Person,1986
Darrell Griffith,1980
Ernie DiGregorio,1973
Cedric Maxwell,1977
Lou Williams,2005
Jamal Crawford,2000
Lamar Odom,1999
Ben Gordon,2004
Leandro Barbosa,2003
Jason Terry,1999
J. R. Smith,2004
Eric Gordon,2008
Montrezl Harrell,2015
Jordan Clarkson,2014
Tyler Herro,2019
Corliss Williamson,1995
Bobby Jackson,1997
Aaron McKie,1994
Rodney Rogers,1993
Darrell Armstrong,1991
Toni Kukoc,1990
Dell Curry,1986
Roy Tarpley,1986
